type,size,layers,bp,bt,rbp,fh,drw
flat,16,cs:3_cs:0.5_pvc:0.8,6,40,6.02,0,n
flat,24,cs:3_cs:0.5_pvc:0.8,6,40,6.02,0,n
flat,24,cs:3_cs:0.5_pvc:0.8,6,40,6.02,0,n
flat,24,s316L:2_s316L:0.5_tef:0.5,6,40,6.1,0,n
flat,24,s316L:2_s316L:0.5_tef:0.5,6,40,5.98,0,n
flat,24,s316L:2_s316L:0.5_tef:0.5,6,40,6,0,n
flat,3,s316L:0.2_s316L:0.2_tef:0.1,2,22,1.73,0,n
flat,3,s316L:0.2_s316L:0.3_tef:0.1,2,22,1.83,0,n
flat,3,s316L:0.2_s316L:0.4_tef:0.1,2,22,1.95,0,n
flat,30,s316L:0.6_s316L:0.3_ptfe:0.6,0.3,120,0.321,0,n
flat,30,s316L:0.6_s316L:0.3_ptfe:0.6,0.3,120,0.265,0,n
flat,6,s316L:0.6_s316L:0.5_tef:0.6,5.5,20,4,0,n
flat,6,s316L:0.6_s316L:0.25_tef:0.6,5.5,20,3.79,0,n
flat,6,s316L:0.6_s316L:0.3_tef:0.6,5.5,20,5.85,0,n
flat,6,s316L:0.6_s316L:0.2_tef:0.6,5.5,20,5.81,0,n
flat,6,s316L:0.6_s316L:0.2_tef:0.6,5.5,20,5.6,0,n
flat,6,s316L:0.6_s316L:0.2_tef:0.6,5.5,20,5.92,0,n
flat,6,s316L:0.6_s316L:0.2_tef:0.6,5.5,20,5.94,0,n
flat,4,s316L:0.1_s316L:0.2_s316L:0.1_ptfe:0.3,0.9,60,0.57,0,n
flat,4,s316L:0.1_s316L:0.25_s316L:0.1_ptfe:0.3,0.9,60,1.03,0,n
flat,4,s316L:1_s316L:0.1_s316L:0.1_ptfe:0.3,0.9,60,0.76,0,n
flat,24,s316L:2.5_s316L:0.8_ptfe:0.5,6,40,5.54,0,n
flat,24,s316L:2.5_s316L:0.8_ptfe:0.5,6,40,5.3,0,n
flat,24,s316L:2.5_s316L:0.8_ptfe:0.5,6,40,6.24,0,n
flat,24,s316L:2.5_s316L:0.8_ptfe:0.5,6,40,6.26,0,n
flat,12,s316L:0.3_s316L:0.3_fep:0.2,0.175,57,0.163,0,n
flat,12,s316L:0.3_s316L:0.3_fep:0.1,0.175,57,0.216,0,n
flat,12,s316L:0.3_s316L:0.3_fep:0.1,0.175,57,0.14,0,n
flat,12,s316L:0.3_s316L:0.3_fep:0.1,0.175,57,0.184,0,n
flat,16,s316L:0.4_s316L:0.4_ptfe:0.3,0.49,106,0.56,0,n
flat,16,s316L:0.4_s316L:0.4_ptfe:0.3,0.49,106,0.531,0,n
flat,16,s316:0.3_aluminium:0.3_ptfe:1,1.08,22,0.49,0,n
flat,16,s316:0.3_aluminium:0.3_ptfe:1,1.08,22,1.26,0,n
flat,16,s316:0.3_aluminium:0.3_ptfe:1,1.08,22,1.043,0,n
flat,16,s316:0.3_aluminium:0.3_ptfe:1,1.08,22,0.81,0,n
flat,16,s316:0.3_aluminium:0.3_ptfe:1,1.08,22,0.925,0,n
flat,16,s316:0.3_aluminium:0.3_ptfe:1,1.08,22,0.984,0,n
flat,8,cs:1_cs:0.8_pvc:0.5,6,40,4.59,0,n
flat,8,cs:1_cs:0.8_pvc:0.5,6,40,6.58,0,n
flat,8,cs:1_cs:0.8_pvc:0.5,6,40,6.41,0,n
flat,8,cs:1_cs:0.8_pvc:0.5,6,40,5.73,0,n
flat,16,cs:1.5_cs:0.8_pvc:0.5,6,40,4,0,n
flat,16,cs:1.5_cs:0.8_pvc:0.5,6,40,6.19,0,n
flat,16,cs:1.5_cs:0.8_pvc:0.5,6,40,5.93,0,n
flat,16,cs:1.5_cs:0.8_pvc:0.5,6,40,5.63,0,n
flat,24,cs:3_cs:0.8_pvc:0.5,6,40,4.85,0,n
flat,24,cs:3_cs:0.8_pvc:0.5,6,40,6.13,0,n
flat,24,cs:3_cs:0.8_pvc:0.5,6,40,6.3,0,n
flat,24,cs:3_cs:0.8_pvc:0.5,6,40,6.09,0,n
flat,6,s316:0.5_s316:0.5_tef:0.3,2.5,22,2.45,0,n
flat,4,s316:0.3_s316:0.5_ptfe:0.25,0.48,188,1.193,0,n
flat,4,s316:0.3_s316:0.5_ptfe:0.25,0.48,188,0.68,0,n
flat,4,s316:0.3_s316:0.5_ptfe:0.25,0.48,188,0.459,0,n
flat,4,s316:0.3_s316:0.5_ptfe:0.25,0.48,188,0.62,0,n
flat,4,s316:0.3_s316:0.5_ptfe:0.3,0.48,188,0.7,0,n
flat,4,s316:0.3_s316:0.5_ptfe:0.2,0.48,188,0.6,0,n
flat,4,s316:1_s316:0.5_ptfe:0.5,0.48,188,10.76,0,n
flat,4,s316:0.3_s316:0.5_ptfe:0.25,0.48,188,1.43,0,n
flat,4,s316:0.3_s316:0.5_ptfe:0.25,0.48,188,0.92,0,n
flat,4,s316:0.2_s316:0.5_ptfe:0.2,0.48,188,1.45,0,n
flat,4,s316:0.1_s316:0.5_ptfe:0.1,0.48,188,0.8,0,n
flat,4,s316:0.1_s316:0.1_ptfe:0.2,0.48,188,0.7,0,n
flat,24,s316:2_s316:0.5_fep:0.5,5,40,7.44,0,n
flat,14,s316:0.8_s316:0.4_ptfe:0.3,1.1,70,2.27,0,n
flat,14,s316:0.8_s316:0.4_ptfe:0.3,1.1,70,0.89,0,n
flat,14,s316:0.8_s316:0.4_ptfe:0.3,1.1,70,1.25,0,n
flat,14,s316:0.8_s316:0.4_ptfe:0.3,1.1,70,1.14,0,n
flat,24,s316:1.5_s316:0.2_ptfe:0.5,3.25,35,3.45,0,n
flat,24,s316:1.5_s316:0.2_ptfe:0.5,3.25,35,3.45,0,n
flat,24,s316:1.5_s316:0.5_ptfe:0.5,3.25,35,3.45,0,n
flat,24,s316:1.5_s316:0.5_ptfe:0.5,3.25,35,3.15,0,n
flat,24,s316:2.5_s316:0.6_ptfe:0.5,6,40,4.45,0,n
flat,4,s316L:0.3_s316L:0.3_ptfe:0.25,2,55,6.15,0,n
flat,4,s316L:0.3_s316L:0.3_ptfe:0.25,2,55,1.89,0,n
flat,24,s316L:2_s316L:0.6_ptfe:0.5,4,50,4.15,0,n
flat,24,s316L:2_s316L:0.6_ptfe:0.5,5,50,6.3,0,n
flat,24,s316L:2_s316L:0.6_ptfe:0.5,5,50,5.23,0,n
flat,6,s316:0.2_s316:0.2_ptfe:0.1,0.4,100,0.137,0,n
flat,6,s316:0.2_s316:0.2_ptfe:0.1,0.4,100,0.3,0,n
flat,6,s316:0.2_s316:0.2_ptfe:0.1,0.4,100,0.575,0,n
flat,6,s316:0.2_s316:0.2_ptfe:0.1,0.4,100,0.5,0,n
flat,6,s316:0.2_s316:0.2_ptfe:0.1,0.4,100,0.34,0,n
flat,6,s316:0.2_s316:0.2_ptfe:0.1,0.4,100,0.38,0,n
flat,6,s316:0.2_s316:0.2_ptfe:0.1,0.4,100,0.52,0,n
flat,6,s316:0.2_s316:0.2_ptfe:0.1,0.4,100,0.55,0,n
flat,6,s316:0.2_s316:0.2_ptfe:0.1,0.4,100,0.55,0,n
flat,16,s316:1_s316:1_ptfe:0.5,2,160,1.83,0,n
flat,16,s316:1_s316:1_ptfe:0.5,2,160,1.91,0,n
flat,10,s316:0.6_s316:0.6_ptfe:0.5,2,160,2.08,0,n
flat,16,s316:1.5_s316:0.5_ptfe:0.5,6,40,5.97,0,n
flat,16,s316:1.5_s316:0.5_ptfe:0.5,6,40,5.16,0,n
flat,16,s316:1.5_s316:0.5_ptfe:0.5,6,40,8.93,0,n
flat,24,s316:3_s316:1_ptfe:0.5,6,40,6.05,0,n
flat,24,s316:3_s316:1_ptfe:0.5,6,40,6.04,0,n
flat,24,s316:3_s316:1_ptfe:0.5,6,40,5.24,0,n
flat,8,s316:0.5_s316:0.5_ptfe:0.3,2,22,2.15,0,n
flat,8,s316:0.5_s316:0.5_ptfe:0.3,2,22,2.45,0,n
flat,8,s316:0.5_s316:0.5_ptfe:0.3,2,22,2.19,0,n
flat,3,s316:0.6_inconel:0.42_ptfe:0.25,7.5,48,7.21,0,n
flat,3,s316:0.6_inconel:0.42_ptfe:0.25,7.5,48,6.5,0,n
flat,3,s316:0.6_inconel:0.42_ptfe:0.25,7.5,48,12,0,n
flat,6,s316:1_inconel:0.8_ptfe:0.3,7.5,70,6.52,0,n
flat,6,s316:1_inconel:0.8_ptfe:0.3,7.5,70,5.61,0,n
flat,1,s316:0.1_s316:0.1_ptfe:0.1,5,22,8.1,0,n
flat,1,s316:0.1_s316:0.1_ptfe:0.1,5,22,4.66,0,n
flat,1,s316:0.1_s316:0.1_ptfe:0.1,5,22,5.47,0,n
flat,1,s316:0.1_s316:0.1_ptfe:0.1,5,22,5.08,0,n
flat,1,s316:0.1_s316:0.1_ptfe:0.1,5,22,4.97,0,n
flat,36,s316:1_s316:1_tef:0.5_tef:0.5_s316:3,1,75,0.8,0,n
flat,36,s316:1_s316:1_tef:0.5_tef:0.5_s316:3,0.715,35,6.3,0,n
flat,36,s316:1_s316:1_tef:0.5_tef:0.5_s316:3,0.715,35,6.65,0,n
flat,36,s316:1_s316:1_tef:0.5_tef:0.5_s316:3,0.715,35,7.01,0,n
flat,36,s316:1_s316:1_tef:0.5_tef:0.5_s316:3,0.715,35,8.2,0,n
flat,16,s316:1_s316:0.5_tef:0.5_tef:0.5_s316:0.5,3,35,4.1,0,n
flat,16,s316:1_s316:0.5_tef:0.5_tef:0.5_s316:0.5,3,35,2.72,0,n
flat,16,s316:1_s316:0.5_tef:0.5_tef:0.5_s316:0.5,3,35,3.33,0,n
flat,16,s316:1_s316:0.5_tef:0.5_tef:0.5_s316:0.5,3,35,4.4,0,n
flat,16,s316:1_s316:0.5_tef:0.5_tef:0.5_s316:0.5,3,35,2.57,0,n
flat,16,s316:1_s316:0.5_tef:0.5_tef:0.5_s316:0.5,3,35,3.21,0,n
flat,16,s316:1_s316:0.5_tef:0.5_tef:0.5_s316:0.5,3,35,3.18,0,n
flat,24,s316:0.5_s316:1.5_tef:0.5,3.3,35,3.16,0,n
flat,24,s316:0.5_s316:1.5_tef:0.5,3.3,35,2.98,0,n
flat,24,s316:0.5_s316:1.5_tef:0.5,3.3,35,3.37,0,n
flat,8,s316:0.5_s316:0.5_tef:0.5,3.21,35,2.59,0,n
flat,8,s316:0.5_s316:0.5_tef:0.5,3.2,35,3.7,0,n
flat,8,s316:0.5_s316:0.5_tef:0.5,3.3,35,3.9,0,n
flat,8,s316:0.5_s316:0.5_tef:0.5,3.2,35,2.81,0,n
flat,8,s316:0.5_s316:0.5_tef:0.5,3.2,35,3.4,0,n
flat,16,s316:0.5_s316:1_tef:0.5,3.5,35,3.28,0,n
flat,16,s316:0.5_s316:1_tef:0.5,3,35,3.3,0,n
flat,16,s316:0.5_s316:1_tef:0.5,3.5,35,3.52,0,n
flat,16,s316:0.5_s316:1_tef:0.5,3,35,3.31,0,n
flat,24,s316:0.5_s316:1.5_tef:0.5,3.5,35,3.1,0,n
flat,24,s316:0.5_s316:1.5_tef:0.5,3,35,3.25,0,n
flat,24,s316:0.5_s316:1.5_tef:0.5,3.5,35,2.1,0,n
flat,1,s316:0.1_s316:0.1_s316:0.5_tef:0.1,3.5,25,3.7,0,n
flat,1,s316:0.1_s316:0.1_s316:0.5_tef:0.1,3.5,25,3.8,0,n
flat,1,s316:0.1_s316:0.1_s316:0.5_tef:0.1,3.5,25,3.1,0,n
flat,1,s316:0.1_s316:0.1_s316:0.5_tef:0.1,3.5,25,3.05,0,n
flat,1,s316:0.1_s316:0.1_s316:0.5_tef:0.1,3.5,25,2.85,0,n
flat,1,s316:0.1_s316:0.1_s316:0.5_tef:0.1,3.5,25,4.2,0,n
flat,1,s316:0.1_s316:0.1_s316:0.5_tef:0.1,3.5,25,3.65,0,n
flat,1,s316:0.1_s316:0.1_s316:0.5_tef:0.1,3.5,25,3.25,0,n
flat,8,s316L:0.1_s316L:0.1_s316:0.5_tef:0.1,0.2,125,9.9,0,n
flat,8,s316L:0.1_s316L:0.1_s316:0.5_tef:0.1,0.2,125,12.9,0,n
flat,8,s316L:0.1_s316L:0.1_s316:0.5_tef:0.1,0.2,125,12.6,0,n
flat,8,s316L:0.1_s316L:0.1_s316:0.5_tef:0.1,0.2,125,16,0,n
flat,8,s316L:0.1_s316L:0.1_s316:0.5_tef:0.1,0.2,125,15.55,0,n
flat,8,s316L:0.1_s316L:0.1_s316:0.5_tef:0.1,0.2,125,11.43,0,n
flat,8,s316L:0.1_s316L:0.1_s316:0.5_tef:0.1,0.2,125,,0,n
flat,24,s316:2_s316:0.5_tef:0.5,3,22,3.4,0,n
flat,24,s316:2_s316:0.5_tef:0.5,3,22,3.3,0,n
flat,24,s316:2_s316:0.5_tef:0.5,3,22,1.3,0,n
flat,24,s316:2_s316:0.5_tef:1.5,4,22,4.3,0,n
flat,24,s316:2_s316:0.5_tef:1.5,4,22,4.4,0,n
flat,24,s316:2_s316:0.5_tef:1.5,4,22,3.97,0,n
flat,24,s316:2_s316:0.5_tef:1.5,4,22,1.4,0,n
flat,24,s316:2_s316:0.5_tef:1.5,4,22,2.14,0,n
flat,24,s316:2_s316:0.5_tef:1.5,4,22,1.31,0,n
flat,24,s316:2_s316:0.5_tef:1.5,5,22,4.75,0,n
flat,24,s316:2_s316:0.5_tef:1.5,5,22,1.43,0,n
flat,24,s316:3_s316:0.5_tef:0.5,6,22,2.54,0,n
flat,24,s316:3_s316:0.5_tef:0.5,6,22,2.08,0,n
flat,24,s316:3_s316:0.5_tef:0.5,6,22,2.23,0,n
flat,24,s316:3_s316:0.5_tef:0.5,6,22,2.3,0,n
flat,24,s316:3_s316:0.5_tef:0.5,6,22,2.28,0,n
flat,24,s316:3_s316:0.5_tef:0.5,6,22,5.5,0,n
flat,24,s316:3_s316:0.5_tef:0.5,6,22,6.17,0,n
flat,24,s316:3_s316:0.5_tef:0.5,6,22,2.27,0,n
flat,2,s316:0.1_s316:0.1_plastic:0.05,0.5,25,0.81,0,n
flat,2,s316:0.1_s316:0.1_plastic:0.05,0.5,25,0.98,0,n
flat,2,s316:0.1_s316:0.1_plastic:0.05,0.5,25,1.1,0,n
flat,2,s316:0.1_s316:0.1_plastic:0.05,0.5,25,1.2,0,n
flat,2,s316:0.1_s316:0.1_plastic:0.05,0.5,25,0.6,0,n
flat,2,s316:0.1_s316:0.1_plastic:0.05,0.5,25,0.68,0,n
flat,2,s316:0.1_s316:0.1_plastic:0.05,0.5,25,1.42,0,n
flat,2,s316:0.1_s316:0.1_plastic:0.05,0.5,25,0.54,0,n
flat,2,s316:0.1_s316:0.1_plastic:0.05,0.5,25,0.46,0,n
flat,2,s316:0.1_s316:0.1_plastic:0.05,0.5,25,0.39,0,n
flat,2,s316:0.1_s316:0.1_plastic:0.05,0.5,25,0.44,0,n
flat,2,s316:0.1_s316:0.1_plastic:0.05,0.5,25,0.6,0,n
flat,2,s316:0.1_s316:0.1_plastic:0.05,0.5,25,0.65,0,n
flat,2,s316:0.1_s316:0.1_plastic:0.05,0.5,25,0.62,0,n
flat,2,s316:0.1_s316:0.1_plastic:0.05,0.5,25,0.35,0,n
flat,2,s316:0.1_s316:0.1_plastic:0.05,0.5,25,0.47,0,n
flat,2,s316:0.1_s316:0.1_plastic:0.05,0.5,25,0.39,0,n
flat,2,s316:0.1_s316:0.1_plastic:0.05,0.5,25,0.54,0,n
flat,2,s316:0.1_s316:0.1_plastic:0.05,0.5,25,0.54,0,n
flat,2,s316:0.1_s316:0.1_plastic:0.05,0.5,25,0.52,0,n
flat,2,s316:0.1_s316:0.1_plastic:0.05,0.5,25,0.55,0,n
flat,2,s316:0.1_s316:0.1_plastic:0.05,0.5,25,0.15,0,n
flat,2,s316:0.1_s316:0.1_plastic:0.05,0.5,25,0.47,0,n
flat,2,s316:0.1_s316:0.1_plastic:0.05,0.5,25,0.48,0,n
flat,2,s316:0.1_s316:0.1_plastic:0.05,0.5,25,0.51,0,n
flat,2,s316:0.1_s316:0.1_plastic:0.05,0.5,25,0.67,0,n
flat,6,s316:0.5_s316:0.5_tef:0.2,7.5,77,9.62,0,n
flat,6,s316:0.5_s316:0.5_tef:0.2,7.5,77,9.65,0,n
flat,6,s316:0.5_s316:0.5_tef:0.2,7.5,77,7.92,0,n
flat,6,s316:0.5_s316:0.5_tef:0.2,7.5,77,7.83,0,n
flat,6,s316:0.5_s316:0.5_tef:0.2,7.5,77,5.36,0,n
flat,6,s316:0.5_s316:0.5_tef:0.2,7.5,77,5.41,0,n
flat,6,s316:0.5_s316:0.5_tef:0.2,7.5,77,5.48,0,n
flat,6,s316:0.5_s316:0.5_tef:0.2,7.5,77,5.56,0,n
flat,6,s316:0.5_s316:0.5_tef:0.2,7.5,77,5.75,0,n
flat,6,s316:0.5_s316:0.5_tef:0.2,7.5,77,6.05,0,n
flat,6,s316:0.5_s316:0.5_tef:0.2,7.5,77,4.83,0,n
flat,6,s316:0.5_s316:0.5_tef:0.2,7.5,77,4.63,0,n
flat,6,s316:0.5_s316:0.5_tef:0.2,7.5,77,5.24,0,n
flat,6,s316:0.5_s316:0.5_tef:0.2,7.5,77,5.26,0,n
forward,3,S316:0.4_nickel:0.25_tef:0.3,8.03,20,9.8,0,n
forward,3,S316:0.05_nickel:0.25_tef:0.4,8.03,20,8.45,0,n
forward,3,S316:0.05_nickel:0.25_tef:0.2,8.03,20,7.65,0,n
forward,3,S316:0.05_nickel:0.25_tef:0.3,8.03,20,7.3,0,n
forward,4,inconel:1_s316L:0.05_tef:0.3,27.7,325,31,0,n
forward,4,inconel:1_s316L:0.05_tef:0.05,29.1,20,31.76,0,n
forward,4,inconel:1_s316L:0.05_tef:0.2,27.7,325,30.41,0,n
forward,4,inconel:1_s316L:0.05_tef:0.2,29.1,20,29.98,0,n
forward,3,s316L:0.2_s316L:0.1_tef:0.3,4.6,60,4.5,0,n
forward,3,s316L:0.2_s316L:0.1_tef:0.4,4.6,60,2.81,0,n
forward,3,s316L:0.2_s316L:0.1_tef:0.2,4.6,60,4.53,0,n
forward,3,s316L:0.3_s316L:0.1_tef:0.3,4.6,60,29.98,0,n
forward,3,s316L:0.3_s316L:0.1_tef:0.3,4.6,60,4.65,0,n
forward,1,S316L:0.05_S316L:0.1_tef:0.05,5,30,6.02,0,n
forward,4,inconel:0.42_s316L:0.1_tef:0.3,115,100,116.7,0,n
forward,4,inconel:0.42_s316L:0.1_tef:0.05,115,100,119.1,0,n
forward,4,inconel:0.42_s316L:0.1_tef:0.3,75,100,78.1,0,n
forward,4,inconel:0.42_s316L:0.1_tef:0.05,75,100,77.8,0,n
forward,1,s316L:0.1_s316L:0.1_tef:0.05,5,165,5.63,0,n
forward,1,s316L:0.1_s316L:0.1_tef:0.05,5,165,5.37,0,n
forward,1,s316L:0.1_s316L:0.1_tef:0.05,2.5,165,2.69,0,n
forward,1,s316L:0.1_s316L:0.1_tef:0.05,2.5,165,2.64,0,n
forward,1,s316L:0.1_s316L:0.1_tef:0.05,2.5,165,2.27,0,n
forward,1,s316L:0.1_s316L:0.1_tef:0.05,2.5,165,2.22,0,n
forward,1,s316L:0.1_s316L:0.1_tef:0.05,7,38,7.39,0,n
forward,1,s316L:0.1_s316L:0.1_tef:0.05,7,38,7.76,0,n
forward,1,s316L:0.1_s316L:0.1_tef:0.05,7,38,6.53,0,n
forward,1,s316L:0.1_s316L:0.1_tef:0.05,5,20,4.32,0,n
forward,1,s316L:0.1_s316L:0.1_tef:0.05,5,20,4.21,0,n
forward,3,s316L:0.1_s316L:0.1_tef:0.1,1,148,1.01,0,n
forward,3,s316L:0.1_s316L:0.1_tef:0.1,1,148,1.1,0,n
forward,3,s316L:0.1_s316L:0.1_tef:0.1,1,148,0.8,0,n
forward,3,s316L:0.1_s316L:0.1_tef:0.1,1,148,0.985,0,n
forward,1,s316L:0.05_s316L:0.05_s316L:0.05_tef:0.1,5,22,5.31,0,n
forward,1,s316L:0.05_s316L:0.05_s316L:0.05_tef:0.1,5,22,5.33,0,n
forward,1,s316L:0.05_s316L:0.2_s316L:0.05_tef:0.1,5,22,5.8,0,n
forward,1,s316L:0.05_s316L:0.05_s316L:0.05_tef:0.1,5,22,5.4,0,n
forward,1,s316L:0.1_s316L:0.1_tef:0.1,10,181,10.63,0,n
forward,1,s316L:0.1_s316L:0.1_tef:0.1,10,181,9.42,0,n
forward,1,s316L:0.1_s316L:0.1_tef:0.1,10,181,8.86,0,n
forward,1,s316L:0.1_s316L:0.1_tef:0.1,10,181,9.3,0,n
forward,1,s316L:0.1_s316L:0.1_tef:0.1,10,181,11.7,0,n
forward,1,s316L:0.1_s316L:0.1_tef:0.1,10,181,6.13,0,n
forward,1.5,s316L:0.1_s316L:0.1_tef:0.2,10,180,8.8,0,n
forward,1.5,s316L:0.1_s316L:0.1_s316L:0.1_tef:0.1,10,180,9.06,0,n
forward,1.5,s316L:0.1_s316L:0.1_s316L:0.1_tef:0.1,10,180,10.08,0,n
forward,1.5,s316L:0.2_s316L:0.1_s316L:0.1_tef:0.1,10,180,18.86,0,n
forward,1.5,s316L:0.1_s316L:0.1_s316L:0.1_tef:0.1,10,180,9.15,0,n
forward,3,s316L:0.3_s316L:0.1_tef:0.3,3.3,130,2.96,0,n
forward,3,s316L:0.3_s316L:0.1_tef:0.3,3.3,130,2.86,0,n
forward,3,s316L:0.3_s316L:0.1_tef:0.3,3.3,130,3.57,0,n
forward,3,s316L:0.3_s316L:0.1_tef:0.3,3.3,130,3.9,0,n
forward,3,s316L:0.3_s316L:0.1_tef:0.3,3.3,130,3.15,0,n
forward,4,s316L:0.3_s316L:0.1_tef:0.3,3.3,131,2.6,0,n
forward,4,s316L:0.3_s316L:0.1_tef:0.2,3.3,131,3.08,0,n
forward,4,s316L:0.3_s316L:0.1_tef:0.3,3.3,131,3.28,0,n
forward,4,s316L:0.3_s316L:0.1_tef:0.3,3.3,131,3.56,0,n
forward,4,s316L:0.3_s316L:0.1_tef:0.3,3.3,131,3.65,0,n
forward,4,s316L:0.3_s316L:0.1_tef:0.3,3.3,131,3.28,0,n
forward,16,s316L:0.4_s316L:0.1_fep:0.4,0.5,22,0.51,0,n
forward,16,s316L:0.4_s316L:0.1_fep:0.4,0.5,22,0.575,0,n
forward,4,inconel:1_ inconel:0.42_ptfe:0.5,17.2,65.6,15,0,n
forward,4,inconel:1_ inconel:0.42_ptfe:0.5,17.2,65.6,18.13,0,n
forward,6,s316L:0.6_s316L:0.2_s316L:0.1_ptfe:0.5,2.35,50,2.49,0,n
forward,6,s316L:0.6_s316L:0.2_s316L:0.1_ptfe:0.5,2.35,50,2.02,0,n
forward,6,s316L:0.6_s316L:0.2_s316L:0.1_ptfe:0.5,2.35,50,1.97,0,n
forward,6,s316L:0.6_s316L:0.2_s316L:0.1_ptfe:0.5,2.35,50,2.66,0,n
forward,4,s316L:1_s316L:0.6_ptfe:0.5,8.4,80,7.91,0,n
forward,4,s316L:1_s316L:0.6_ptfe:0.5,8.4,80,8.38,0,n
forward,4,s316L:1_s316L:0.6_ptfe:0.5,8.4,80,8.05,0,n
forward,2,s316:0.1_inconel:0.45_fep:0.1,3.25,75,3.75,0,n
forward,2,s316:0.1_inconel:0.45_fep:0.1,3.25,75,3.25,0,n
forward,12,s316:1.5_inconel:0.42_ptfe:0.5,16.17,81.67,9.59,0,n
forward,12,s316:1.5_inconel:0.42_ptfe:0.5,16.17,81.67,13.6,0,n
forward,12,s316:1.5_inconel:0.42_ptfe:0.5,16.17,81.67,15.3,0,n
forward,1,s316:0.1_s316:1_fep:.1,5,30,5.15,0,n
forward,1,s316:0.1_s316:1_fep:0.1,5,30,5.43,0,n
forward,1,s316:0.1_s316:1_fep:0.1,5,30,5.59,0,n
forward,1,s316:0.05_s316:0.05_fep:0.1,5,30,4.87,0,n
forward,1,s316:0.05_s316:0.05_fep:0.1,5,30,6.47,0,n
forward,1,s316:0.05_s316:0.05_fep:0.1,5,30,5.35,0,n
forward,1.5,s316:0.1_s316L:0.1_tef:0.1,2,135,1.35,0,n
forward,1.5,s316:0.1_s316L:0.1_tef:0.1,2,135,1.39,0,n
forward,1.5,s316:0.1_s316L:0.1_tef:0.1,2,135,2.09,0,n
forward,1.5,s316:0.1_s316L:0.1_tef:0.1,2,135,2.04,0,n
forward,1.5,s316:0.1_s316L:0.1_tef:0.1,2,135,1.99,0,n
forward,1.5,s316:0.1_s316:0.1_tef:0.3,2,135,2.25,0,n
forward,2,s316:0.1_s316:0.1_tef:0.3,3,60.2,3.2,0,n
forward,2,s316:0.1_s316:0.1_tef:0.3,3,60.2,2.94,0,n
forward,3,s316L:0.5_s316L:0.1_tef:0.5,3,48,2.57,0,n
forward,3,s316L:0.3_s316L:0.1_tef:0.5,3,48,3.47,0,n
forward,0.5,s316:0.2_s316:0.05_s316L:0.1_ptfe:0.5,248,100,249.4,0,n
forward,0.5,s316:0.2_s316:0.05_s316L:0.1_ptfe:0.4,248,100,245.7,0,n
forward,4,s316:1_s316:0.4_ptfe:0.5,10,100,16.8,0,n
forward,4,s316:1_s316:0.4_ptfe:0.4,10,100,7.86,0,n
forward,4,s316:1_s316:0.4_ptfe:0.5,10,100,9.87,0,n
forward,4,s316:1_s316:0.4_ptfe:0.5,10,100,10.45,0,n
forward,4,s316:1_s316:0.4_ptfe:0.5,10,100,10.25,0,n
forward,12,s316:0.5_ aluminum :0.2_ aluminum:0.2_s316:0.5,3.5,250,1.73,0,n
forward,12,s316:0.5_ aluminum :0.2_ aluminum:0.2_s316:0.5,3.5,250,3.42,0,n
forward,1.5,s316:0.1_s316L:0.1_ptfe:0.1,3.3,149,9.04,0,n
forward,1.5,s316:0.1_s316L:0.1_ptfe:0.1,3.3,149,2.49,0,n
forward,1.5,s316:0.1_s316L:0.1_ptfe:0.1,3.3,149,2.59,0,n
forward,1.5,s316:0.1_s316L:0.1_ptfe:0.1,3.3,149,3.35,0,n
forward,1.5,s316:0.1_s316L:0.1_ptfe:0.1,3.3,149,3.18,0,n
forward,1.5,s316:0.1_s316:0.1_ptfe:0.1,3.3,149,3.5,0,n
forward,1.5,s316:0.1_s316:0.1_ptfe:0.1,3.3,149,3.3,0,n
forward,1.5,s316:0.1_s316:0.1_ptfe:0.1,3.3,149,3.65,0,n
forward,1.5,s316:0.1_s316:0.1_ptfe:0.1,3.3,149,3.49,0,n
forward,1.5,s316:0.1_s316:0.1_ptfe:0.1,3.3,149,3.71,0,n
forward,1.5,s316:0.2_s316:0.1_ptfe:0.2,3.3,149,3.21,0,n
forward,1.5,s316:0.1_s316:0.1_ptfe:0.1,3.3,149,2.75,0,n
forward,1.5,s316:0.1_s316:0.1_ptfe:0.1,3.3,149,3.99,0,n
forward,1.5,s316:0.1_s316:0.1_ptfe:0.1,3.3,149,2.7,0,n
forward,1.5,s316:0.1_s316:0.1_ptfe:0.1,3.3,149,3.01,0,n
forward,1.5,s316:0.1_s316:0.1_ptfe:0.1,3.3,149,3.65,0,n
forward,1.5,s316:0.1_s316:0.1_ptfe:0.1,3.3,149,3.43,0,n
forward,1.5,s316:0.1_s316:0.1_ptfe:0.1,3.3,149,5.3,0,n
forward,1.5,s316:0.1_s316:0.1_ptfe:0.1,3.3,149,3.5,0,n
forward,1.5,s316:0.1_s316:0.1_ptfe:0.1,3.3,149,3.13,0,n
forward,1.5,s316:0.1_s316:0.1_ptfe:0.1,3.3,149,3.85,0,n
forward,1.5,s316:0.1_s316:0.1_ptfe:0.1,3.3,149,3.1,0,n
forward,1.5,s316:0.1_s316:0.1_ptfe:0.1,3.3,149,2.65,0,n
forward,1.5,s316:0.1_s316:0.1_ptfe:0.1,3.3,149,3.7,0,n
forward,1.5,s316:0.1_s316:0.2_ptfe:0.1,3.3,149,3.1,0,n
forward,1.5,s316:0.1_s316:0.2_ptfe:0.1,3.3,149,3.03,0,n
forward,1.5,s316:0.4_inconel:0.42_ptfe:0.3,204,20,24.46,0,n
forward,1.5,s316:0.4_inconel:0.42_ptfe:0.3,204,20,17.79,0,n
forward,1.5,s316:0.4_inconel:0.42_ptfe:0.3,204,20,19.06,0,n
forward,1.5,s316:0.4_inconel:0.42_ptfe:0.3,204,20,19.86,0,n
forward,1.5,s316:0.4_inconel:0.42_ptfe:0.3,204,20,19.02,0,n
forward,1.5,s316:0.4_inconel:0.42_ptfe:0.3,204,20,21.78,0,n
forward,1.5,s316:0.4_inconel:0.42_ptfe:0.3,204,20,19.11,0,n
forward,1.5,s316:0.4_inconel:0.42_ptfe:0.3,204,20,19.57,0,n
forward,3,s316:0.5_s316:0.5_fep:0.15,3.25,48,3.12,0,n
forward,3,s316:0.5_s316:0.5_fep:0.15,3.25,48,2.97,0,n
forward,3,s316:0.5_s316:0.5_fep:0.15,3.25,48,3.09,0,n
forward,3,s316:0.5_s316:0.5_fep:0.15,3.25,48,3.17,0,n
forward,14,s316:1.5_s316:1_ptfe:0.5,8.81,180,7.83,0,n
forward,6,s316:0.5_s316:0.3_tef:0.5,5.49,82,5.61,0,n
forward,6,s316:0.5_s316:0.3_tef:0.5,5.49,82,5.57,0,n
forward,6,s316:0.5_s316:0.3_tef:0.5,5.49,82,5.13,0,n
forward,6,s316:0.5_s316:0.3_tef:0.5,5.49,82,5.54,0,n
forward,6,s316:0.5_s316:0.3_tef:0.5,5.49,82,5.6,0,n
forward,3,s316:0.5_s316:0.3_tef:0.5,5.49,82,5.8,0,n
forward,3,s316:0.5_s316:0.3_tef:0.5,5.49,82,5.84,0,n
forward,3,s316:0.5_s316:0.3_tef:0.5,5.49,82,5.72,0,n
forward,3,s316:0.5_s316:0.3_tef:0.5,5.49,82,5.78,0,n
forward,3,s316:0.5_s316:0.3_tef:0.5,5.49,82,5.66,0,n
forward,10,s316:1.5_s316:0.1_tef:0.5,3,200,3.42,0,n
forward,10,s316:1.5_s316:0.1_tef:0.5,3,200,4,0,n
forward,10,s316:1.5_s316:0.1_tef:0.5,3,200,2.94,0,n
forward,10,s316:1.5_s316:0.1_tef:0.5,3,200,3.03,0,n
forward,10,s316:1.5_s316:0.1_tef:0.5,3,200,2.8,0,n
forward,10,s316:1.5_s316:0.1_tef:0.5,3,200,4.1,0,n
forward,10,s316:1.5_s316:0.1_tef:0.5,3,200,3.3,0,n
forward,10,s316:1.5_s316:0.1_tef:0.5,3,200,2.88,0,n
forward,10,s316:1.5_s316:0.1_tef:0.5,3,200,2.97,0,n
forward,10,s316:1.5_s316:0.1_tef:0.5,2.7,200,2.63,0,n
forward,10,s316:1.5_s316:0.1_tef:0.5,2.7,200,3.13,0,n
forward,10,s316:1.5_s316:0.1_tef:0.5,2.7,200,2.88,0,n
forward,10,s316:1.5_s316:0.1_tef:0.5,2.7,200,2.71,0,n
forward,10,s316:1.5_s316:0.1_tef:0.5,2.7,200,2.6,0,n
forward,10,s316:1.5_s316:0.1_tef:0.5,2.7,200,8,0,n
forward,10,s316:1.5_s316:0.1_tef:0.5,2.7,200,5.57,0,n
forward,10,s316:1.5_s316:0.1_tef:0.5,2.7,200,2.58,0,n
forward,10,s316:1.5_s316:0.1_tef:0.5,2.7,200,3.65,0,n
forward,10,s316:1.5_s316:0.1_tef:0.5,2.7,200,3.85,0,n
forward,8,s316:0.5_s316:0.4_tef:0.3,2.6,140,1.8,0,n
forward,8,s316:0.5_s316:0.4_tef:0.3,2.6,140,3.8,0,n
forward,8,s316:0.5_s316:0.4_tef:0.3,2.6,140,2.79,0,n
forward,8,s316:0.5_s316:0.4_tef:0.3,2.6,140,2.57,0,n
forward,8,s316:0.5_s316:0.4_tef:0.3,2.6,140,2.56,0,n
forward,8,s316:0.5_s316:0.4_tef:0.3,2.6,140,2.46,0,n
forward,8,s316:0.5_s316:0.4_tef:0.3,2.6,140,2.59,0,n
forward,8,s316:0.5_s316:0.4_tef:0.3,2.6,140,2.49,0,n
forward,3,s316:0.3_s316:0.3_tef:0.1,4.2,50,4.03,0,n
forward,3,s316:0.3_s316:0.3_tef:0.1,4.2,50,4.16,0,n
forward,3,s316:0.3_s316:0.3_tef:0.1,4.2,50,4.43,0,n
forward,3,s316:0.3_s316:0.3_tef:0.1,4.2,50,4.15,0,n
forward,3,s316:0.3_s316:0.3_tef:0.1,4.2,50,4.25,0,n
forward,14,s316:1_s316:1.5_tef:0.4,8.81,180,8.25,0,n
forward,14,s316:1_s316:1.5_tef:0.4,8.81,180,8.18,0,n
forward,10,s316:0.5_s316:0.5_ptfe:0.4,160,2,1.94,0,n
forward,10,s316:0.5_s316:0.5_ptfe:0.4,160,2,1.6,0,n
forward,10,s316:0.5_s316:0.5_ptfe:0.4,160,2,1.91,0,n
forward,16,s316:0.5_s316:0.5_ptfe:0.4,160,2,2.03,0,n
forward,3,s316:0.3_s316:0.3_ aluminum :0.1_tef:0.1,3.5,240,4.2,0,n
forward,3,s316:0.3_s316:0.3_ aluminum :0.1_tef:0.1,3.5,240,3.5,0,n
forward,3,s316:0.3_s316:0.3_ aluminum :0.1_tef:0.1,3.5,240,6.2,0,n
forward,3,s316:0.3_s316:0.3_ aluminum :0.1_tef:0.1,3.5,240,5.4,0,n
forward,3,s316:0.3_s316:0.3_ aluminum :0.1_tef:0.1,3.5,240,10,0,n
forward,3,s316:0.3_s316:0.3_ aluminum :0.1_tef:0.1,3.5,240,4.7,0,n
forward,3,s316:0.3_s316:0.3_ aluminum :0.1_tef:0.1,3.5,240,6.9,0,n
forward,3,s316:0.3_s316:0.3_ aluminum :0.1_tef:0.1,3.5,240,3.78,0,n
forward,3,s316:0.3_s316:0.3_ aluminum :0.1_tef:0.1,3.5,240,4.91,0,n
forward,3,s316:0.3_s316:0.3_ aluminum :0.1_tef:0.1,3.5,240,5.5,0,n
forward,3,s316:0.3_s316:0.3_ aluminum :0.1_tef:0.1,3.5,240,3.58,0,n
forward,3,s316:0.3_s316:0.3_ aluminum :0.1_tef:0.1,3.5,240,3.25,0,n
forward,3,s316:0.3_s316:0.3_ aluminum :0.1_tef:0.1,3.5,240,3.33,0,n
forward,3,s316:0.3_s316:0.3_ aluminum :0.1_tef:0.1,3.5,240,3.47,0,n
forward,3,s316:0.3_s316:0.3_ aluminum :0.1_tef:0.1,3.5,240,3.04,0,n
forward,3,s316:0.3_s316:0.3_ aluminum :0.1_tef:0.1,3.5,240,3.33,0,n
forward,3,s316:0.3_s316:0.3_ aluminum :0.1_tef:0.1,3.5,240,4.2,0,n
forward,3,s316:0.3_s316:0.3_ aluminum :0.1_tef:0.1,3.5,240,4,0,n
forward,3,s316:0.3_s316:0.3_ aluminum :0.1_tef:0.1,3.5,240,3.58,0,n
forward,3,s316:0.3_s316:0.3_ aluminum :0.1_tef:0.1,3.5,240,5.33,0,n
forward,3,s316:0.3_s316:0.3_ aluminum :0.1_tef:0.1,3.5,240,6.83,0,n
forward,4,s316:0.3_s316:0.3_ aluminum :0.1_tef:0.1,3.25,180,3.11,0,n
forward,4,s316:0.3_s316:0.3_ aluminum :0.1_tef:0.1,3.25,180,3.27,0,n
forward,4,s316:0.3_s316:0.3_ aluminum :0.1_tef:0.1,3.25,180,3.5,0,n
forward,4,s316:0.3_s316:0.3_ aluminum :0.1_tef:0.1,3.25,180,4.09,0,n
forward,4,s316:0.3_s316:0.3_ aluminum :0.1_tef:0.1,3.25,180,5,0,n
forward,4,s316:0.5_s316:0.5_tef:0.1,5,22,3.73,0,n
forward,4,s316:0.5_s316:0.5_tef:0.1,5,22,5.1,0,n
forward,4,s316:0.5_s316:0.5_tef:0.1,5,22,5.5,0,n
forward,4,s316:0.5_s316:0.5_tef:0.1,5,22,5.2,0,n
forward,4,s316:0.5_s316:0.5_tef:0.1,5,22,4.9,0,n
forward,4,s316:0.5_s316:0.5_tef:0.1,5,22,4.84,0,n
forward,4,s316:0.5_s316:0.5_tef:0.1,5,22,5.05,0,n
forward,4,s316:0.5_s316:0.5_tef:0.1,5,22,4.85,0,n
forward,4,s316:0.5_s316:0.5_tef:0.1,5,22,4.12,0,n
forward,4,s316:0.5_s316:0.5_tef:0.1,5,22,5.4,0,n
forward,4,s316:0.5_s316:0.5_tef:0.1,5,22,5.2,0,n
forward,4,s316:0.5_s316:0.5_tef:0.1,5,22,5.1,0,n
forward,4,s316:0.5_s316:0.5_tef:0.1,5,22,4.72,0,n
forward,4,s316:0.5_s316:0.5_tef:0.1,5,22,5.04,0,n
forward,4,s316:0.5_s316:0.5_tef:0.1,5,22,5.003,0,n
forward,12,s316:0.5_s316:0.2_ aluminum :0.2_s316:0.5_tef:0.5,3.5,250,4.5,0,n
forward,12,s316:0.5_s316:0.2_ aluminum :0.2_s316:0.5_tef:0.5,3.5,250,3.58,0,n
forward,12,s316:0.5_s316:0.2_ aluminum :0.2_s316:0.5_tef:0.5,3.5,250,6.63,0,n
forward,12,s316:0.5_s316:0.2_ aluminum :0.2_s316:0.5_tef:0.5,3.5,250,3.85,0,n
forward,12,s316:0.5_s316:0.2_ aluminum :0.2_s316:0.5_tef:0.5,3.5,250,5.94,0,n
forward,12,s316:0.5_s316:0.2_ aluminum :0.2_s316:0.5_tef:0.5,3.5,250,5.5,0,n
forward,12,s316:0.5_s316:0.2_ aluminum :0.2_s316:0.5_tef:0.5,3.5,250,6.25,0,n
forward,12,s316:0.5_s316:0.2_ aluminum :0.2_s316:0.5_tef:0.5,3.5,250,3.53,0,n
forward,12,s316:0.5_s316:0.2_ aluminum :0.2_s316:0.5_tef:0.5,3.5,250,2.25,0,n
forward,3,s316:0.5_s316:0.5_tef:0.1,4.2,50,3.98,0,n
forward,3,s316:0.5_s316:0.5_tef:0.1,4.2,50,3.95,0,n
forward,3,s316:0.5_s316:0.5_tef:0.1,4.2,50,4.05,0,n
forward,3,s316:0.5_s316:0.5_tef:0.1,4.2,50,3.74,0,n
forward,3,s316:0.5_s316:0.5_tef:0.1,4.2,50,3.64,0,n
forward,3,s316:0.5_s316:0.5_tef:0.1,4.2,50,3.54,0,n
forward,3,s316:0.5_s316:0.5_tef:0.1,4.2,50,3.72,0,n
forward,3,s316:0.5_s316:0.5_tef:0.1,4.2,50,3.95,0,n
forward,3,s316:0.5_s316:0.5_tef:0.1,4.2,50,3.9,0,n
forward,3,s316:0.5_s316:0.5_tef:0.1,4.2,50,4.04,0,n
forward,3,s316:0.5_s316:0.5_tef:0.1,4.2,50,3.95,0,n
forward,3,s316:0.5_s316:0.5_tef:0.1,4.2,50,4.6,0,n
forward,3,s316:0.5_s316:0.5_tef:0.1,4.2,50,4.7,0,n
forward,3,s316:0.5_s316:0.5_tef:0.1,4.2,50,5,0,n
forward,3,s316:0.5_s316:0.5_tef:0.1,4.2,50,4.15,0,n
forward,3,s316:0.5_s316:0.5_tef:0.1,4.2,50,4.2,0,n
forward,3,s316:0.5_s316:0.5_tef:0.1,4.2,50,4.12,0,n
forward,3,s316:0.5_s316:0.5_tef:0.1,4.2,50,4.65,0,n
forward,3,s316:0.5_s316:0.5_tef:0.1,4.2,50,4.22,0,n
forward,3,s316:0.5_s316:0.5_tef:0.1,4.2,50,4.45,0,n
forward,3,s316:0.5_s316:0.5_tef:0.1,4.2,50,4.25,0,n
forward,3,s316:0.5_s316:0.5_tef:0.1,4.2,50,5.3,0,n
forward,3,s316:0.5_s316:0.5_tef:0.1,4.2,50,5.6,0,n
forward,3,s316:0.5_s316:0.5_tef:0.1,4.2,50,4.55,0,n
forward,3,s316:0.5_s316:0.5_tef:0.1,4.2,50,4.38,0,n
forward,3,s316:0.5_s316:0.5_tef:0.1,4.2,50,4.63,0,n
forward,3,s316:0.5_s316:0.5_tef:0.1,4.2,50,4.43,0,n
forward,3,s316:0.5_s316:0.5_tef:0.1,4.2,50,4.65,0,n
forward,3,s316:0.5_s316:0.5_tef:0.1,4.2,50,4.24,0,n
forward,3,s316:0.5_s316:0.5_tef:0.1,4.2,50,4.35,0,n
forward,3,s316:0.5_s316:0.5_tef:0.1,4.2,50,2.8,0,n
forward,3,s316:0.5_s316:0.5_tef:0.1,4.2,50,3.43,0,n
forward,3,s316:0.5_s316:0.5_tef:0.1,4.2,50,4.65,0,n
forward,3,s316:0.5_s316:0.5_tef:0.1,4.2,50,4.17,0,n
forward,3,s316:0.5_s316:0.5_tef:0.1,4.2,50,4.23,0,n
forward,3,s316:0.5_s316:0.5_tef:0.1,4.2,50,4.11,0,n
forward,3,s316:0.5_s316:0.5_tef:0.1,4.2,50,4.38,0,n
forward,3,s316:0.5_s316:0.5_tef:0.1,4.2,50,4.33,0,n
forward,3,s316:0.5_s316:0.5_tef:0.1,4.2,50,4.01,0,n
reverse,0.5,monel :0.4_s316:0.05_ptfe:0.1,20.2,20,19.72,4,A11/2inRP2
reverse,0.5,inconel :0.4_s316:0.05_ptfe:0.1,20.2,20,18.86,4,A11/2inRP2
reverse,1,monel :0.6_ s316:0.05_ptfe:0.1,15,22,12.5,6.65,A11/2inRP10-MAmodified
reverse,1,monel :0.6_ s316:0.05_ptfe:0.1,15,22,15.1,6.65,MA11/2inRP1
reverse,1,monel :0.6_ s316:0.05_ptfe:0.1,15,22,15.7,6.65,MA11/2inRP1
reverse,1,s316:0.6_s316:0.05_ptfe:0.1,15,165,17.93,6.07,A11/2inRP2
reverse,1,s316:0.4_s316:0.05_ptfe:0.1,15,165,8.85,6.07,A11/2inRP3
reverse,1,s316:0.4_s316:0.05_ptfe:0.1,15,165,10.16,6.07,A11/2inRP3
reverse,1,s316:0.6_s316:0.05_ptfe:0.1,15,165,22.97,6.07,A11/2inRP4
reverse,1,s316:0.6_s316:0.05_ptfe:0.1,15,165,20.78,6.07,A11/2inRP4
reverse,1,s316:0.6_s316:0.05_ptfe:0.1,15,165,15.18,6.07,A11/2inRP5
reverse,1,s316:0.6_s316:0.05_ptfe:0.1,15,165,14.31,6.07,A11/2inRP5
reverse,1.5,s316:0.5_s316:0.05_ptfe:0.1,15,10,12.21,8.4,A11/2inRp7
reverse,1.5,s316:0.5_s316:0.5_ptfe:0.1,4,153,11.5,19.82,n
reverse,1.5,s316:0.5_s316:0.5_ptfe:0.1,4,153,4.23,5.88,n
reverse,1.5,s316:0.5_s316:0.5_ptfe:0.1,4,153,4.17,5.88,n
reverse,1.5,s316:0.5_s316:0.5_ptfe:0.1,4,153,3.5,5.88,n
reverse,2,s316:0.4_s316:0.05_ptfe:0.1,5.9,25,5.38,9.7,A2inRP16
reverse,2,s316:0.4_s316:0.05_ptfe:0.1,5.9,25,5.34,9.7,A2inRP16
reverse,2,s316:0.4_s316:0.05_ptfe:0.1,5.9,25,5.4,9.7,A2inRP16
reverse,2,s316:0.4_s316:0.05_ptfe:0.1,5.9,25,5.74,9.7,A2inRP16
reverse,2,s316:0.4_s316:0.05_ptfe:0.1,5.9,25,5.74,9.7,A2inRP16
reverse,2,s316:0.8_inconel:0.05_ptfe:0.1,27.7,115,36.67,10,MA2inRP14
reverse,2,s316:0.8_inconel:0.05_ptfe:0.1,27.7,115,26.47,10,A2inRP1
reverse,2,s316:0.8_inconel:0.05_ptfe:0.1,27.7,115,25,10,A2inRP1
reverse,2,s316:0.8_inconel:0.05_ptfe:0.1,27.7,115,27.1,10,A2inRP1
reverse,2,s316:0.5_s316:0.05_ptfe:0.1,3.38,58.4,3.35,9.83,MA2inRP5
reverse,2,s316:0.5_s316:0.05_ptfe:0.1,3.18,58.4,3.16,9.83,MA2inRP5
reverse,2,s316:0.5_s316:0.05_ptfe:0.1,3.38,58.4,3.33,9.83,MA2inRP5
reverse,2,s316:0.5_s316:0.05_ptfe:0.1,3.18,58.4,3.17,9.83,MA2inRP5
reverse,2,s316:0.8_s316:0.05_ptfe:0.1,19,55,20.05,9.8,A2inRP3
reverse,2,s316:0.8_s316:0.05_ptfe:0.1,19,55,16.29,9.8,A2inRP11
reverse,2,inconel:0.8_s316:0.05_ptfe:0.1,13.5,80,11.07,9.97,A2inRP12
reverse,2,inconel:0.8_s316:0.05_ptfe:0.1,13.5,80,14.27,9.97,A2inRP13
reverse,2,inconel:0.8_s316:0.05_ptfe:0.1,13.5,80,13.5,9.97,A2inRP13.m.
reverse,2,inconel:0.8_s316:0.05_ptfe:0.1,13.5,80,14.01,9.97,A2inRP13.5.m
reverse,2,inconel:0.8_s316:0.05_ptfe:0.1,13.5,80,14.81,9.97,A2inRP13.5.s.m.
reverse,2,inconel:0.8_s316:0.05_ptfe:0.1,13.5,80,14.45,9.97,A2inRP13.T.M.
reverse,2,s316:0.8_s316:0.05_ptfe:0.1,19,115,17.6,10.96,A2inRP10
reverse,2,s316:0.8_s316:0.05_ptfe:0.1,19,115,16.29,10.96,A2inRP10.m.
reverse,2,s316:0.4_s316:0.05_ptfe:0.1,7.5,65,4.12,13.77,A2inRP4
reverse,2,s316:0.4_s316:0.05_ptfe:0.1,7.5,65,7.53,13.77,A2inRP5
reverse,2,s316:0.8_s316:0.05_ptfe:0.1,7.5,65,12.13,13.77,A2inRP4
reverse,2,s316:0.6_s316:0.05_ptfe:0.1,7.5,65,6.54,13.77,A2inRP6
reverse,2,s316:0.5_s316:0.05_ptfe:0.1,7.5,65,5.47,13.77,A2inRP8
reverse,2,s316:0.5_s316:0.05_ptfe:0.1,7.5,65,4.9,13.77,A2inRP7
reverse,2,s316:0.5_s316:0.05_ptfe:0.1,7.5,65,7.74,13.77,A2inRP9
reverse,2,s316:0.5_s316:0.05_ptfe:0.1,7.5,65,6.27,13.77,A2inRP8.M
reverse,2,s316:0.8_s316:0.05_ptfe:0.1,20,115,27.4,9.5,A2inRP1
reverse,2,s316:0.8_s316:0.05_ptfe:0.1,20,115,17.77,9.5,A2inRP2
reverse,2,s316:0.4_s316:0.05_ptfe:0.1,6,22,6.55,10,2in29
reverse,2,s316:0.8_s316:0.05_ptfe:0.1,9.5,148,5.64,9.82,__
reverse,2,s316:0.8_s316:0.05_ptfe:0.1,9.5,148,9.23,9.05,2inR23
reverse,2,s316:0.8_s316:0.05_ptfe:0.1,9.5,148,6.73,9.05,2inR24
reverse,2,s316:0.8_s316:0.05_ptfe:0.1,9.5,148,6.05,9.05,2inR24
reverse,2,s316:0.8_s316:0.05_ptfe:0.1,9.5,148,6.07,9.05,2inR24
reverse,2,s316:0.8_s316:0.05_ptfe:0.1,9.5,148,7.31,9.05,2inR25
reverse,2,s316:0.8_s316:0.05_ptfe:0.1,9.5,148,7.13,9.05,2inR26
reverse,2,s316:0.8_s316:0.05_ptfe:0.1,9.5,148,9.3,9.05,2inR27
reverse,2,s316:0.8_s316:0.05_ptfe:0.1,9.5,148,9.43,9.05,2inR28
reverse,2,s316:0.8_s316:0.05_ptfe:0.1,12.5,85,9.05,9.05,2inR28
reverse,2,s316:0.8_s316:0.1_ptfe:0.1,12.5,85,15.23,10.38,__
reverse,2,s316:1_s316:0.05_ptfe:0.1,12.5,85,10.6,9.61,2inchIR65
reverse,2,s316:1_s316:0.05_ptfe:0.1,12.5,85,10.6,9.61,2inch17
reverse,2,s316:1_s316:0.05_ptfe:0.1,12.5,85,10.7,9.61,2inch18
reverse,2,s316:1_s316:0.05_ptfe:0.1,12.5,85,11.9,9.61,2inch19
reverse,2,s316:1_s316:0.05_ptfe:0.1,12.5,85,11.5,9.61,2inch21
reverse,2,s316:1_s316:0.05_ptfe:0.1,12.5,85,12,9.61,2inch20
reverse,2,s316:1_s316:0.05_ptfe:0.1,12.5,85,12.45,9.61,2inch21
reverse,2,s316:1_s316:0.05_ptfe:0.1,12.5,85,11.86,9.61,2inch21
reverse,3,hastelloy :1_ s316:0.05_ptfe:0.1,12,46,11.3,14.82,A3inRP16
reverse,3,hastelloy :1_ s316:0.05_ptfe:0.1,12,46,7.48,14.82,A3inRP17
reverse,3,hastelloy :1_ s316:0.05_ptfe:0.1,12,46,10.33,14.82,A3inRP17.m.
reverse,3,hastelloy :1_ s316:0.05_ptfe:0.1,12,46,11.7,14.82,A3inRP19
reverse,3,hastelloy :1_ s316:0.05_ptfe:0.1,13.5,250,13.09,14.82,A3inRP18
reverse,3,hastelloy :1_ s316:0.05_ptfe:0.1,13.5,250,12.2,14.82,A3inRP18.m.
reverse,3,hastelloy :1_ s316:0.05_ptfe:0.1,13.5,250,13.34,14.82,A3inRP18.sec.m.
reverse,3,s316:1_s316:0.05_ptfe:0.1,7.5,64,7.43,17.59,A3inRP11
reverse,3,s316:0.6_s316:0.05_ptfe:0.1,7.5,64,5.15,17.59,A3inRP10
reverse,3,s316:0.8_s316:0.05_ptfe:0.1,7.5,64,7.19,17.59,A3inRP10
reverse,3,s316:0.8_s316:0.05_ptfe:0.1,7.5,64,6.07,17.59,A3inRP14
reverse,3,s316:0.8_s316:0.05_ptfe:0.1,7.5,64,7.05,17.59,A3inRP
reverse,3,s316:0.4_s316:0.05_ptfe:0.1,1,180,1.037,14.3,A3inRP7
reverse,3,monel :1_ s316:0.05_ptfe:0.1,13,22,12.58,15,A3inRP5.M.
reverse,3,monel :1_ s316:0.05_ptfe:0.1,13,22,16.08,15,A3inRP6
reverse,3,monel :1_ s316:0.05_ptfe:0.1,13,22,13,15,A3inRP8
reverse,3,monel :1_ s316:0.05_ptfe:0.1,13,22,10.16,15,A3inRP9
reverse,3,monel :1_ s316:0.05_ptfe:0.1,13,22,12.96,15,A3inRP9
reverse,3,monel :1_ s316:0.05_ptfe:0.1,13,22,14.1,15,A3inRP9-M.
reverse,3,monel :1_ s316:0.05_ptfe:0.1,13,22,12.12,15,A3inRP9-sec.M.
reverse,3,monel :1_ s316:0.05_ptfe:0.1,13,22,11.95,15,A3inRP9-third.M.
reverse,3,monel :1_ s316:0.05_ptfe:0.1,13,22,16.6,15,A3inRP12
reverse,3,monel :1_ s316:0.05_ptfe:0.1,13,22,12.5,15,A3inRP13
reverse,3,monel :1_ s316:0.05_ptfe:0.1,13,22,12.98,15,A3inRP9-F.M.
reverse,3,monel :1_ s316:0.05_ptfe:0.1,13,22,13.83,15,A3inRP13
reverse,3,s316:0.6_s316:0.05_ptfe:0.1,3,40,3.15,15.83,A3inRP4
reverse,3,s316:0.6_s316:0.05_ptfe:0.1,3,40,3.15,15.83,A3inRP4
reverse,3,s316:0.6_s316:0.05_ptfe:0.1,3,40,3.19,15.83,A3inRP4
reverse,3,s316:1_inconel:0.1_ptfe:0.1,6,40,6.61,34.98,__
reverse,3,s316:1_inconel:0.1_ptfe:0.1,6,40,6.05,14.66,3inch10
reverse,3,s316:1_inconel:0.1_ptfe:0.1,6,40,7.15,14.77,3inch10
reverse,3,s316:1_inconel:0.1_ptfe:0.1,6,40,6.42,14.66,3inch9
reverse,3,s316:1_inconel:0.1_ptfe:0.1,6,40,7.05,14.77,3inch10
reverse,3,s316:1_inconel:0.1_ptfe:0.1,6,40,6.92,14.66,3inch7
reverse,3,s316:1_inconel:0.1_ptfe:0.1,6,40,8,14.77,3inch5
reverse,3,s316:1_inconel:0.05_ptfe:0.1,6,40,6.95,14.66,3inch4
reverse,3,s316:1_inconel:0.1_ptfe:0.1,6,40,7.4,14.77,3inch2
reverse,3,s316:1_inconel:0.1_ptfe:0.1,6,40,7.4,14.66,3inch6
reverse,3,s316:1_s316:0.1_ptfe:0.1,6,40,6.13,14.66,3inch6
reverse,3,s316:0.5_s316:0.5_ptfe:0.1,7.5,149.1,7.6,21.3,n
reverse,3,s316:0.5_s316:0.5_ptfe:0.1,7,100,2.14,17.63,n
reverse,3,hastelloy:0.8_s316:0.05_ptfe:0.1,40,280,37.1,29.33,n
reverse,3,hastelloy:0.8_s316:0.05_ptfe:0.1,40,280,44,15.62,n
reverse,3,hastelloy:0.8_s316:0.05_ptfe:0.1,40,280,47,15.62,n
reverse,3,hastelloy:0.8_s316:0.05_ptfe:0.1,40,280,32,15.62,n
reverse,3,hastelloy:0.8_s316:0.05_ptfe:0.1,40,280,35,15.62,n
reverse,3,hastelloy:0.8_s316:0.05_ptfe:0.1,40,280,44.5,15.62,n
reverse,3,hastelloy:0.8_s316:0.05_ptfe:0.1,40,280,41,15.62,n
reverse,3,hastelloy:0.8_s316:0.05_ptfe:0.1,40,280,42.7,15.62,n
reverse,3,hastelloy:0.8_s316:0.05_ptfe:0.1,40,280,44.5,15.62,n
reverse,3,hastelloy:0.8_s316:0.05_ptfe:0.1,40,280,40,15.62,n
reverse,3,hastelloy:0.8_s316:0.05_ptfe:0.1,40,280,42.5,15.62,n
reverse,3,hastelloy:0.8_s316:0.05_ptfe:0.1,40,280,45.5,15.62,n
reverse,3,hastelloy:0.8_s316:0.05_ptfe:0.1,40,280,43.5,15.62,n
reverse,3,hastelloy:0.8_s316:0.05_ptfe:0.1,40,280,45.2,15.62,n
reverse,3,hastelloy:0.8_s316:0.05_ptfe:0.1,40,280,45.5,15.62,n
reverse,3,hastelloy:0.8_s316:0.05_ptfe:0.1,40,280,42.5,15.62,n
reverse,3,hastelloy:0.8_s316:0.05_ptfe:0.1,40,280,46,15.62,n
reverse,3,inconel:1.6_ inconel:0.1_ptfe:0.1,42,200,33,20.6,n
reverse,3,inconel:1.6_ inconel:0.1_ptfe:0.1,42,200,33.8,22.64,n
reverse,3,inconel:1.6_ inconel:0.1_ptfe:0.1,42,200,31,17,n
reverse,3,inconel:1.6_ inconel:0.1_ptfe:0.1,42,220,23,17,n
reverse,3,inconel:0.5_s316:0.05_ptfe:0.1,12,180,21,21.52,n
reverse,3,inconel:0.5_s316:0.05_ptfe:0.1,12,180,25.5,13.67,n
reverse,3,inconel:0.5_s316:0.05_ptfe:0.1,12,180,11.98,13.67,n
reverse,3,inconel:0.5_s316:0.05_ptfe:0.1,12,180,12.08,13.67,n
reverse,3,inconel:0.5_s316:0.05_ptfe:0.1,12,180,12.6,13.67,n
reverse,3,inconel:0.5_s316:0.05_ptfe:0.1,12,180,11.52,13.67,n
reverse,4,inconel:1_s316:0.05_ptfe:0.1,10,120,10.23,19.75,A4inRP4.m.
reverse,4,inconel:1_s316:0.05_ptfe:0.1,10,120,5.78,19.75,A4inRP10
reverse,4,inconel:1_s316:0.05_ptfe:0.1,10,120,9.97,19.75,A4inRP1.m.
reverse,4,inconel:1_s316:0.05_ptfe:0.1,5.5,180,9.05,19.77,A4inRP1.m.
reverse,4,inconel:1_s316:0.05_ptfe:0.1,5.5,180,5.46,19.77,A4inRP10
reverse,4,inconel:1_s316:0.05_ptfe:0.1,7.9,200,8.41,21.1,A4inRP11
reverse,4,inconel:1_s316:0.05_ptfe:0.1,7.9,200,8.33,21.1,A4inRP11.m.
reverse,4,inconel:1_s316:0.05_ptfe:0.1,8,100,9.17,21.04,A4imRP11
reverse,4,inconel:1_s316:0.05_ptfe:0.1,8,100,7.92,21.04,A4imRP12
reverse,4,s316:1.5_s316:0.1_ptfe:0.1,30.5,60,24.26,20.91,A4inRP7
reverse,4,s316:2.5_s316:0.1_ptfe:0.1,30.5,60,29.45,20.91,A4inRP18
reverse,4,s316:1.5_s316:0.1_ptfe:0.1,30.5,60,32.85,20.91,A4inRP8
reverse,4,s316:1.5_s316:0.1_ptfe:0.1,30.5,60,33.92,20.91,A4inRP9
reverse,4,s316:1.5_s316:0.1_ptfe:0.1,30.5,60,33.97,20.91,A4inRP9Modified
reverse,4,s316:1.5_s316:0.1_ptfe:0.1,30.5,60,30.87,20.91,A4inRP9
reverse,4,s316:1.5_s316:0.1_ptfe:0.1,30.5,60,31.08,20.91,A4inRP9
reverse,4,s316:1.5_s316:0.1_ptfe:0.1,30.5,60,33.1,20.91,A4inRP9
reverse,4,s316:1.5_s316:0.1_ptfe:0.1,30.5,60,32.83,20.91,A4inRP9
reverse,4,s316:1.5_s316:0.1_ptfe:0.1,30.5,60,30.08,20.91,A4inRP9Modified
reverse,4,s316:1.5_s316:0.1_ptfe:0.1,30.5,60,30.15,20.91,A4inRP9Modified
reverse,4,s316:2.5_s316:0.1_ptfe:0.1,30.5,60,30.04,20.91,A6inRP18M
reverse,4,s316:2.5_s316:0.1_ptfe:0.1,30.5,60,25.5,20.91,A6inRP18.sec.M
reverse,4,s316:2.5_s316:0.1_ptfe:0.1,30.5,60,29.3,20.91,A6inRP18.Third.M
reverse,4,s316:2.5_s316:0.1_ptfe:0.1,30.5,60,30.3,20.91,A6inRP18M
reverse,4,s316:2.5_s316:0.1_ptfe:0.1,30.5,60,29,20.91,A6inRP18.Third.M
reverse,4,s316:2.5_s316:0.1_ptfe:0.1,30.5,60,29,20.91,A6inRP18
reverse,4,s316:2_s316:0.1_ptfe:0.1,30.5,60,26.76,20.91,A6inRP19
reverse,4,s316:2_s316:0.1_ptfe:0.1,30.5,60,29.16,20.91,A6inRP20
reverse,4,s316:1_s316:0.05_ptfe:0.1,11,45,8.32,21,A4inRP1
reverse,4,s316:1_s316:0.05_ptfe:0.1,11,45,11.75,21,A4inRP3
reverse,4,s316:1_s316:0.05_ptfe:0.1,11,45,11.75,21,A4inRP1
reverse,4,s316:1_s316:0.05_ptfe:0.1,11,45,15.4,21,A4inRP1
reverse,4,hastelloy:1_ hastelloy:0.05_ptfe:0.1,11,45,11.23,21,A4inRP4
reverse,4,hastelloy:1_ hastelloy:0.05_ptfe:0.1,11,45,12,21,A4inRP4.m.
reverse,4,s316:1_s316:0.05_ptfe:0.1,7,63.6,5,19.68,4inPR1
reverse,4,s316:1_s316:0.05_ptfe:0.1,7,63.6,5.7,19.64,4inPR1
reverse,4,s316:1_s316:0.05_ptfe:0.1,7,63.6,6.02,19.7,4inPR2
reverse,4,s316:1_s316:0.05_ptfe:0.1,7,63.6,6,19.7,4inPR2
reverse,4,s316:1_s316:0.05_ptfe:0.1,7,63.6,7.6,19.7,4inPR3
reverse,4,s316:1_s316:0.05_ptfe:0.1,7,63.6,7.4,19.7,__
reverse,4,s316:1_s316:0.05_ptfe:0.1,7,63.6,6.64,19.7,__
reverse,4,s316:1_s316:0.05_ptfe:0.1,7,63.6,7.45,19.7,4inPR3
reverse,4,s316:1_s316:0.05_ptfe:0.1,7,63.6,7.45,19.7,4inPR3
reverse,4,s316:0.3_s316:0.3_ptfe:0.1,0.17,22,0.302,17.87,2inch21
reverse,4,s316:1_s316:0.1_ptfe:0.1,9,80,8.1,32.92,n
reverse,4,s316:1_s316:0.1_ptfe:0.1,9,80,7.15,21.57,n
reverse,4,s316:1_s316:0.1_ptfe:0.1,9,80,8.93,21.57,n
reverse,4,s316:1_s316:0.1_ptfe:0.1,9,80,8.9,21.57,n
reverse,4,s316:1_s316:0.1_ptfe:0.1,9,80,7.74,21.57,n
reverse,4,s316:1_s316:0.1_ptfe:0.1,9,80,8.5,21.57,n
reverse,4,s316:1_s316:0.1_ptfe:0.1,11,45,10.55,38.62,n
reverse,4,s316:1_s316:0.1_ptfe:0.1,11,45,9.7,19.82,n
reverse,4,s316:1_s316:0.1_ptfe:0.1,11,45,11,19.82,n
reverse,4,s316:1_s316:0.1_ptfe:0.1,11,45,8.9,19.82,n
reverse,4,s316:1_s316:0.1_ptfe:0.1,11,45,10.28,19.82,n
reverse,4,s316:1_s316:0.1_ptfe:0.1,11,45,9.54,19.82,n
reverse,4,s316:1_s316:0.1_ptfe:0.1,11,45,9.28,19.82,n
reverse,4,s316:1_s316:0.1_ptfe:0.1,12.8,120,12.6,5.88,n
reverse,4,s316:1_s316:0.1_ptfe:0.1,12.8,120,9.9,24.68,n
reverse,4,s316:1_s316:0.1_ptfe:0.1,12.8,120,12.9,24.68,n
reverse,4,s316:1_s316:0.1_ptfe:0.1,12.8,120,12.6,24.68,n
reverse,4,s316:1_s316:0.1_ptfe:0.1,12.8,120,16,24.68,n
reverse,4,s316:1_s316:0.1_ptfe:0.1,12.8,120,15.55,24.68,n
reverse,4,s316:1_s316:0.1_ptfe:0.1,12.8,120,11.43,24.68,n
reverse,4,s316:0.5_s316:0.5_ptfe:0.1,7,280,7.65,39.3,n
reverse,4,s316:0.5_s316:0.5_ptfe:0.1,7,280,6.78,19.71,n
reverse,4,s316:0.5_s316:0.5_ptfe:0.1,7,280,7.16,19.71,n
reverse,4,s316:0.5_s316:0.5_ptfe:0.1,7,280,7.8,19.71,n
reverse,4,s316:0.5_s316:0.5_ptfe:0.1,7,280,6.2,19.71,n
reverse,4,s316:0.5_s316:0.5_ptfe:0.1,7,280,8.2,19.71,n
reverse,4,hastelloy:1_s316:0.1_ptfe:0.1,50,320,42,15.62,n
reverse,4,hastelloy:1_s316:0.1_ptfe:0.1,50,320,48.5,23.36,n
reverse,4,hastelloy:1_s316:0.1_ptfe:0.1,50,320,45,23.36,n
reverse,4,hastelloy:1_s316:0.1_ptfe:0.1,50,320,31,23.36,n
reverse,4,inconel:0.5_s316:0.1_ptfe:0.1,10.5,180,11.4,51.13,n
reverse,4,inconel:0.5_s316:0.1_ptfe:0.1,10.5,180,11.2,16.28,n
reverse,4,inconel:0.5_s316:0.1_ptfe:0.1,10.5,180,11.55,17.3,n
reverse,4,inconel:0.5_s316:0.1_ptfe:0.1,10.5,180,11.05,18.6,n
reverse,4,inconel:0.5_s316:0.1_ptfe:0.1,10.5,180,8,19.62,n
reverse,4,inconel:0.5_s316:0.1_ptfe:0.1,10.5,180,8.5,22.14,n
reverse,4,inconel:0.5_s316:0.1_ptfe:0.1,10.5,180,8.6,22.13,n
reverse,4,inconel:0.5_s316:0.1_ptfe:0.1,10.5,180,10.5,20.6,n
reverse,4,inconel:0.5_s316:0.1_ptfe:0.1,10.5,180,9,15.58,n
reverse,4,inconel:0.5_s316:0.1_ptfe:0.1,10.5,180,9,20.6,n
reverse,4,inconel:0.1_ inconel:1.2_ptfe:0.1,22,210,24.2,13.67,n
reverse,4,inconel:0.1_ inconel:1.2_ptfe:0.1,22,210,22.5,16.54,n
reverse,4,inconel:0.1_ inconel:1.2_ptfe:0.1,22,210,18.2,16.54,n
reverse,4,inconel:0.1_ inconel:1.2_ptfe:0.1,22,210,24.5,16.54,n
reverse,4,inconel:0.1_ inconel:1.2_ptfe:0.1,22,210,18.37,16.54,n
reverse,4,inconel:0.1_ inconel:1.2_ptfe:0.1,22,210,18.76,16.54,n
reverse,4,inconel:0.1_ inconel:1.2_ptfe:0.1,22,210,18.45,16.54,n
reverse,4,inconel:0.1_ inconel:1.2_ptfe:0.1,22,210,21.85,16.54,n
reverse,4,inconel:0.1_ inconel:1.2_ptfe:0.1,22,210,21.4,16.54,n
reverse,4,inconel:0.1_ inconel:1.2_ptfe:0.1,22,210,16.5,16.54,n
reverse,4,inconel:0.1_ inconel:1.2_ptfe:0.1,22,210,16,16.54,n
reverse,6,inconel:1.5_s316:0.1_ptfe:0.1,19,100,18.64,31.41,A6inRP19
reverse,6,inconel:1.5_s316:0.1_ptfe:0.1,19,100,19.2,31.41,A6inRP19modified
reverse,6,s316:0.8_s316:.05_ptfe:0.1,3,144,2.66,31.9,A6inRP22
reverse,6,s316:0.8_s316:.05_ptfe:0.1,3,144,2.86,31.9,A6inRP23
reverse,6,s316:0.8_s316:.05_ptfe:0.1,3,144,3.02,31.9,A6inRP23
reverse,6,monel :04_ s316:0.05_ptfe:0.1,0.3,70,0.525,26.81,A6inRP21
reverse,6,monel :04_ s316:0.05_ptfe:0.1,0.3,70,0.445,26.81,A6inRP21.m.
reverse,6,monel :04_ s316:0.05_ptfe:0.1,0.3,70,0.392,26.81,A6inRP21.sec.m.
reverse,6,monel :04_ s316:0.05_ptfe:0.1,0.3,70,0.404,26.81,A6inRP21.T.m.
reverse,6,s316:1.5_s316:0.1_ptfe:0.1,9.4,40,9.53,28.6,A6inRP16
reverse,6,s316:1.5_s316:0.1_ptfe:0.1,9.4,40,9.37,28.7,__
reverse,6,s316:1.5_s316:0.1_ptfe:0.1,9.4,40,9.3,28.8,A6inRP16.M.
reverse,6,s316:0.4_monel:0.05_ptfe:0.1,0.5,22,0.431,50,A6inRP6
reverse,6,s316:1.5_s316:0.1_ptfe:0.1,6.9,56,6.53,28.37,A6inRP7
reverse,6,s316:1.5_s316:0.1_ptfe:0.1,6.9,56,6.25,28.51,A6inRP8
reverse,6,s316:1.5_s316:0.1_ptfe:0.1,6.9,56,8.15,28.51,A6inRP9
reverse,6,s316:1.5_s316:0.1_ptfe:0.1,6.9,56,8.75,28.51,A6inRP10
reverse,6,s316:1.5_s316:0.1_ptfe:0.1,6.9,56,8.54,28.51,A6inRP11
reverse,6,s316:1.5_s316:0.1_ptfe:0.1,6.9,56,7.8,28.51,A6inRP14
reverse,6,s316:0.8_s316:0.05_ptfe:0.1,2.5,22,2.1,29.71,6inRP11
reverse,6,s316:0.4_monel:0.05_ptfe:0.1,0.5,22,0.394,29.81,A6inRP4
reverse,6,s316:0.4_monel:0.05_ptfe:0.1,0.5,22,0.39,29.81,A6inRP4
reverse,6,s316:0.4_monel:0.05_ptfe:0.1,0.5,22,0.434,29.81,A6inRP5
reverse,6,s316:0.4_monel:0.05_ptfe:0.1,0.5,22,0.434,29.81,__
reverse,6,s316:0.4_monel:0.05_ptfe:0.1,0.5,22,0.42,29.81,A6inRP6
reverse,6,s316:1_s316:0.1_ptfe:0.1,5.19,66,6.61,28.84,3inch6
reverse,6,s316:1_s316:0.1_ptfe:0.1,5.19,66,5.23,28.84,6inch2
reverse,6,s316:1_s316:0.1_ptfe:0.1,5.19,66,5.34,28.84,__
reverse,6,s316:1_s316:0.1_ptfe:0.1,5.19,66,5.93,28.84,6inch5
reverse,6,s316:1_s316:0.1_ptfe:0.1,5.19,66,5.49,28.84,6inch5
reverse,6,s316:1_s316:0.1_ptfe:0.1,5.19,66,4.25,28.84,6inch4
reverse,6,s316:0.1_s316:0.1_s316:0.05_tef:0.4,6.19,71.4,6.23,28.84,6inch1
reverse,6,s316:0.1_s316:0.1_s316:0.05_tef:0.4,6.19,71.4,6.1,32.92,n
reverse,6,s316:0.1_s316:0.1_s316:0.05_tef:0.4,6.19,71.4,5.49,32.92,n
reverse,6,s316:0.1_s316:0.1_s316:0.05_tef:0.4,6.19,71.4,5.95,32.92,n
reverse,6,s316:0.1_s316:0.1_s316:0.05_tef:0.4,6.19,71.4,5,32.92,n
reverse,6,s316:0.1_s316:0.1_s316:0.05_tef:0.4,6.19,71.4,6.8,32.92,n
reverse,6,s316:0.4_s316:0.1_tef:0.5,3.15,230,4.5,24.68,n
reverse,6,s316:0.4_s316:0.1_tef:0.5,3.15,230,3.42,21.3,n
reverse,6,s316:0.4_s316:0.1_tef:0.5,3.15,230,3.45,21.3,n
reverse,6,s316:0.4_s316:0.1_tef:0.5,3.15,230,3.53,21.3,n
reverse,6,s316:0.4_s316:0.1_tef:0.5,3.15,230,3.54,21.3,n
reverse,6,s316:0.4_s316:0.1_tef:0.5,3.15,230,3.71,21.3,n
reverse,6,s316:0.4_s316:0.1_tef:0.5,3.15,230,3.43,21.3,n
reverse,6,s316:0.4_s316:0.1_tef:0.5,3.15,230,3.7,21.3,n
reverse,6,inconel:0.5_s316:0.1_tef:0.5,5.5,38,6.75,19.71,n
reverse,6,inconel:0.5_s316:0.1_tef:0.5,5.5,38,5.6,27.23,n
reverse,6,inconel:0.5_s316:0.1_tef:0.5,5.5,38,5.24,27.23,n
reverse,6,inconel:0.5_s316:0.1_tef:0.5,5.5,38,5.13,27.23,n
reverse,6,inconel:0.5_s316:0.1_tef:0.5,5.5,38,5.8,27.23,n
reverse,6,inconel:0.5_s316:0.1_tef:0.5,5.5,38,5.03,27.23,n
reverse,6,inconel:0.5_s316:0.1_tef:0.5,5.5,38,5.03,27.23,n
reverse,6,inconel:0.5_s316:0.1_tef:0.5,5.5,38,5.14,27.23,n
reverse,6,inconel:0.5_s316:0.1_tef:0.5,5.5,38,4.95,27.23,n
reverse,6,inconel:0.5_s316:0.1_tef:0.5,5.5,38,5.19,27.23,n
reverse,6,inconel:0.5_s316:0.1_tef:0.5,5.5,38,5.03,27.23,n
reverse,6,inconel:0.5_s316:0.1_tef:0.5,5.5,38,5.43,27.23,n
reverse,6,inconel:0.5_s316:0.1_tef:0.5,5.5,38,5.65,27.23,n
reverse,6,s316:0.5_s316:0.1_tef:0.5,6.9,56,7.05,27.23,n
reverse,6,s316:0.5_s316:0.1_tef:0.5,6.9,56,6.68,29.33,n
reverse,6,s316:0.5_s316:0.1_tef:0.5,6.9,56,6.32,29.33,n
reverse,6,s316:0.5_s316:0.1_tef:0.5,6.9,56,6.1,29.33,n
reverse,6,s316:0.5_s316:0.1_tef:0.5,6.9,56,6.78,29.33,n
reverse,6,s316:0.5_s316:0.1_tef:0.5,6.9,56,6.33,29.33,n
reverse,6,s316:0.5_s316:0.1_tef:0.5,6.9,56,6.14,29.33,n
reverse,6,s316:0.5_s316:0.1_tef:0.5,6.9,56,6.29,29.33,n
reverse,8,inconel:0.8_s316:0.05_tef:0.5,1,40,0.956,35.88,A8inRP10
reverse,8,inconel:0.8_s316:0.05_tef:0.5,1,40,1.122,35.88,A8inRP10.m.
reverse,8,inconel:0.8_s316:0.05_tef:0.5,1,40,1.18,35.88,A8inRP10.s.m.
reverse,8,inconel:0.8_s316:0.05_tef:0.5,1,40,1.214,35.88,A8inRP10.T.m.
reverse,8,inconel:0.8_s316:0.05_tef:0.5,1,40,1.056,35.88,A8inRP10.fourth.m.
reverse,8,inconel:0.8_s316:0.05_tef:0.5,1,40,1.164,35.88,A8inRP11
reverse,8,s316:1.5_s316:0.1_tef:0.5,8,175,9.42,34.98,4inch1
reverse,8,s316:1.5_s316:0.1_tef:0.5,8,175,8.3,34.98,__
reverse,8,s316:1.5_s316:0.1_s316:0.5_tef:0.5,7,40,7.96,21.57,n
reverse,8,s316:1.5_s316:0.1_s316:0.5_tef:0.5,7,40,6.09,39.1,n
reverse,8,s316:1.5_s316:0.1_s316:0.5_tef:0.5,7,40,6.22,39.1,n
reverse,8,s316:1.5_s316:0.1_s316:0.5_tef:0.5,7,40,6.15,39.1,n
reverse,8,s316:1.5_s316:0.1_s316:0.5_tef:0.5,7,40,7.92,39.1,n
reverse,8,s316:1.5_s316:0.1_s316:0.5_tef:0.5,7,40,7.6,39.1,n
reverse,8,s316:1.5_s316:0.1_s316:0.5_tef:0.5,7,40,7.15,39.1,n
reverse,8,s316:1.5_s316:0.1_s316:0.5_tef:0.5,7,40,8.28,39.1,n
reverse,8,s316:1.5_s316:0.1_s316:0.5_tef:0.5,7,40,9,39.1,n
reverse,8,s316:1.5_s316:0.1_s316:0.5_tef:0.5,7,40,6.24,39.1,n
reverse,8,s316:1.5_s316:0.1_s316:0.5_tef:0.5,7,40,8.58,39.1,n
reverse,8,s316:1.5_s316:0.1_s316:0.5_tef:0.5,7,40,7.31,39.1,n
reverse,8,s316:1.5_s316:0.1_s316:0.5_tef:0.5,7,40,6.9,39.1,n
reverse,8,s316:1.5_s316:0.5_ptfe:0.3,13.5,90,10,16.9,n
reverse,8,s316:1.5_s316:0.5_ptfe:0.3,13.5,90,12,39.3,n
reverse,8,s316:1.5_s316:0.5_ptfe:0.3,13.5,90,13.7,39.3,n
reverse,8,s316:1.5_s316:0.5_ptfe:0.3,13.5,90,13.3,39.3,n
reverse,8,s316:1.5_s316:0.5_ptfe:0.3,13.5,90,14,39.3,n
reverse,8,s316:1.5_s316:0.5_ptfe:0.3,13.5,90,11.25,39.3,n
reverse,8,s316:1.5_s316:0.5_ptfe:0.3,13.5,90,9.9,39.3,n
reverse,8,s316:1.5_s316:0.5_ptfe:0.3,13.5,90,9.1,39.3,n
reverse,8,s316:1.5_s316:0.5_ptfe:0.3,13.5,90,13.56,39.3,n
reverse,8,s316:1.5_s316:0.5_ptfe:0.3,13.5,90,11.4,39.3,n
reverse,10,s316:1.5_s316:0.1_ptfe:0.3,22.8,33,8,50,A10inRP7
reverse,10,s316:2.5_s316:0.1_ptfe:0.3,22.8,33,13.8,50,A10inRP8
reverse,10,s316:2.5_s316:0.1_ptfe:0.3,22.8,33,18.13,50,A10inRP9
reverse,10,s316:2.5_s316:0.1_ptfe:0.3,22.8,33,26.5,50,A10inRP10
reverse,10,s316:3_s316:0.1_ptfe:0.3,22.8,33,20.54,50,__
reverse,10,s316:2.5_s316:0.1_ptfe:0.3,22.8,33,16,50,A10inRP11
reverse,10,s316:2.5_s316:0.1_ptfe:0.3,22.8,33,13,50,A10inRP12
reverse,10,s316:2.5_s316:0.1_ptfe:0.3,22.8,33,20.2,50,A10inRP12
reverse,10,s316:2.5_s316:0.1_ptfe:0.3,22.8,33,22.7,50,A10inRP13
reverse,10,s316:2.5_s316:0.1_ptfe:0.3,22.8,33,23.54,50,__
reverse,10,s316:2.5_s316:0.1_ptfe:0.3,22.8,33,22.9,50,__
reverse,10,s316:2.5_s316:0.1_ptfe:0.3,22.8,33,23.26,50,__
reverse,10,s316:1.5_inconel:0.1_inconel:1_ptfe:0.3,1.76,40,2.34,49.81,A10inRP1
reverse,10,s316:1.5_inconel:0.1_inconel:1_ptfe:0.3,1.76,40,1.194,49.81,A10inRP
reverse,10,s316:1.5_inconel:0.1_inconel:1_ptfe:0.3,1.76,40,1.92,49.81,__
reverse,10,s316:1.5_inconel:0.1_inconel:1_ptfe:0.3,1.76,40,2,49.81,A10inRP6
reverse,10,s316:1.5_inconel:0.1_inconel:1_ptfe:0.3,1.76,40,1.9,49.81,A10inRP5.S.M
reverse,10,s316:1_s316:0.1_s316:0.5_tef:0.5,7,40,6.92,39.1,n
reverse,10,s316:1_s316:0.1_s316:0.5_tef:0.5,7,40,6.79,38.62,n
reverse,10,s316:1_s316:0.1_s316:0.5_tef:0.5,7,40,8.5,38.62,n
reverse,10,s316:1_s316:0.1_s316:0.5_tef:0.5,7,40,8.92,38.62,n
reverse,10,s316:1_s316:0.1_s316:0.5_tef:0.5,7,40,9.68,38.62,n
reverse,10,s316:1_s316:0.1_s316:0.5_tef:0.5,7,40,8.03,38.62,n
reverse,10,s316:1_s316:0.1_s316:0.5_tef:0.5,7,40,7.2,38.62,n
reverse,10,s316:1_s316:0.1_s316:0.5_tef:0.5,7,40,7.15,38.62,n
reverse,10,s316:1_s316:0.1_s316:0.5_tef:0.5,7,40,7.92,38.62,n
reverse,10,s316:1_s316:0.1_s316:0.5_tef:0.5,7,40,7.29,38.62,n
reverse,10,s316:1_s316:0.1_s316:0.5_tef:0.5,7,40,7.73,38.62,n
reverse,10,inconel:0.5_s316:0.1_fep:0.5,4.2,10,3.9,23.36,n
reverse,10,inconel:0.5_s316:0.1_fep:0.4,4.2,10,2.8,54.7,n
reverse,10,inconel:0.5_s316:0.1_fep:0.5,4.2,10,4.25,48.85,n
reverse,10,inconel:0.5_s316:0.1_fep:0.5,4.2,10,4.35,42.9,n
reverse,10,inconel:0.5_s316:0.1_fep:0.5,4.2,10,4.15,45.08,n
reverse,10,inconel:0.5_s316:0.1_fep:0.5,4.2,10,4.3,45.08,n
reverse,10,inconel:0.5_s316:0.1_fep:0.5,4.2,10,3.85,45.08,n
reverse,10,inconel:0.5_s316:0.1_fep:0.5,4.2,10,3.98,45.08,n
reverse,10,inconel:0.5_s316:0.1_fep:0.5,4.2,10,3.95,45.08,n
reverse,10,inconel:0.5_s316:0.1_fep:0.5,4.2,10,3.93,45.08,n
reverse,10,inconel:0.5_s316:0.1_fep:0.5,4.2,10,3.85,45.08,n
reverse,10,inconel:0.5_s316:0.1_fep:0.5,4.2,10,3.95,45.08,n
reverse,10,inconel:0.5_s316:0.1_fep:0.81,4.2,10,5.1,45.08,n
reverse,10,inconel:0.5_s316:0.1_fep:0.65,4.2,10,2.54,45.08,n
reverse,10,inconel:0.5_s316:0.1_fep:0.65,4.2,10,3.05,45.08,n
reverse,10,inconel:0.5_s316:0.1_fep:0.81,4.2,10,4.8,40.6,n
reverse,10,inconel:0.5_s316:0.1_fep:0.8,4.2,10,4.5,38.72,n
reverse,10,inconel:0.5_s316:0.1_fep:0.8,4.2,10,4.23,51.02,n
reverse,10,inconel:0.5_s316:0.1_fep:0.8,4.2,10,4.3,51.02,n
reverse,10,inconel:0.5_s316:0.1_fep:0.5,4.2,10,4.22,51.02,n
reverse,10,inconel:0.5_s316:0.1_fep:0.5,4.2,10,3.05,42.03,n
reverse,10,inconel:0.5_s316:0.1_fep:0.5,4.2,10,3.89,51.13,n
reverse,10,inconel:0.5_s316:0.1_fep:0.5,4.2,10,3.9,51.13,n
reverse,10,inconel:1.2_s316:0.1_fep:0.5,12,53.6,18.5,16.69,n
reverse,10,inconel:0.8_s316:0.1_fep:0.4,12,53.6,11.5,51.78,n
reverse,10,inconel:0.8_s316:0.1_fep:0.5,12,53.6,16.4,51.78,n
reverse,10,inconel:0.8_s316:0.1_fep:0.5,12,53.6,16.7,51.78,n
reverse,10,inconel:0.8_s316:0.1_fep:0.5,12,53.6,14.7,51.78,n
reverse,10,inconel:0.8_s316:0.1_fep:0.5,12,53.6,17.45,51.78,n
reverse,10,inconel:0.8_s316:0.1_fep:0.5,12,53.6,17.02,51.78,n
reverse,10,inconel:0.8_s316:0.1_fep:0.5,12,53.6,16.07,51.78,n
reverse,10,inconel:0.8_s316:0.1_fep:0.5,12,53.6,13.28,51.78,n
reverse,10,inconel:0.8_s316:0.1_fep:0.5,12,53.6,15.7,51.78,n
reverse,10,inconel:0.8_s316:0.1_fep:0.5,12,53.6,11.5,51.78,n
reverse,10,inconel:1.2_s316:0.1_fep:0.4,12,53.6,11.7,51.78,n
reverse,10,inconel:1_s316:0.1_fep:0.4,12,41.8,15.5,51.78,n
reverse,10,inconel:1_s316:0.1_fep:0.4,12,41.8,11.97,37.09,n
reverse,10,inconel:1_s316:0.1_fep:0.4,12,41.8,13.5,37.09,n
reverse,10,inconel:1_s316:0.1_fep:0.4,12,41.8,8.8,37.09,n
reverse,10,inconel:1_s316:0.1_fep:0.4,12,41.8,12.43,37.09,n
reverse,10,inconel:1_s316:0.1_fep:0.4,12,41.8,13.24,37.09,n
reverse,16,inconel:1.2_ inconel:0.5_fep:0.5,1,52,21.4,37.09,n
reverse,16,inconel:1.2_ inconel:0.5_fep:0.5,1,52,21.5,21.52,n
